,driverId,name,ssn,location,certified,wage-plan
0,10,George Vetticaden,621011971,244-4532 Nulla Rd.,,
1,11,Jamie Engesser,262112338,366-4125 Ac Street,,miles
2,12,Paul Coddin,198041975,,,hours
3,13,Joe Niemiec,139907145,,Y,hours
4,14,Adis Cesir,820812209,Ap #810-1228 In St.,Y,hours
5,15,Rohit Bakshi,239005227,648-5681 Dui- Rd.,Y,hours
6,16,Tom McCuch,363303105,P.O. Box 313- 962 Parturient Rd.,Y,hours
7,17,Eric Mizell,123808238,P.O. Box 579- 2191 Gravida. Street,Y,hours
8,18,Grant Liu,171010151,Ap #928-3159 Vestibulum Av.,Y,hours
9,19,Ajay Singh,160005158,592-9430 Nonummy Avenue,Y,hours
10,20,Chris Harris,921812303,883-2691 Proin Avenue,Y,hours
11,21,Jeff Markham,209408086,Ap #852-7966 Facilisis St.,Y,hours
12,22,Nadeem Asghar,783204269,154-9147 Aliquam Ave,Y,hours
13,23,Adam Diaz,928312208,P.O. Box 260- 6127 Vitae Road,Y,hours
14,24,Don Hilborn,254412152,4361 Ac Road,Y,hours
15,25,Jean-Philippe Playe,913310051,P.O. Box 812- 6238 Ac Rd.,,hours
16,26,Michael Aube,124705141,P.O. Box 213- 8948 Nec Ave,,hours
17,27,Mark Lochbihler,392603159,,,hours
18,28,Olivier Renault,959908181,P.O. Box 243- 6509 Erat. Avenue,Y,hours
19,29,Teddy Choi,185502192,P.O. Box 106- 7003 Amet Rd.,Y,hours
20,30,Dan Rice,282307061,Ap #881-9267 Mollis Avenue,Y,hours
21,31,Rommel Garcia,858912101,P.O. Box 945- 6015 Sociis St.,Y,hours
22,32,Ryan Templeton,290304287,765-6599 Egestas. Av.,Y,hours
23,33,Sridhara Sabbella,967409015,Ap #477-2507 Sagittis Avenue,Y,hours
24,34,Frank Romano,391407216,Ap #753-6814 Quis Ave,Y,hours
25,35,Emil Siemes,971401151,321-2976 Felis Rd.,Y,hours
26,36,Andrew Grande,245303216,,Y,hours
27,37,Wes Floyd,190504074,P.O. Box 269- 9611 Nulla Street,Y,hours
28,38,Scott Shaw,386411175,276 Lobortis Road,Y,hours
29,39,David Kaiser,967706052,9185 At Street,Y,hours
30,40,Nicolas Maillard,208510217,1027 Quis Rd.,Y,hours
31,41,Greg Phillips,308103116,P.O. Box 847- 5961 Arcu. Road,Y,hours
32,42,Randy Gelhausen,853302254,145-4200 In- Avenue,Y,hours
33,43,Dave Patton,977706052,3028 A- St.,Y,hours
